group_key,exchange_rate
A,217.15659999999997
B,249.0783529411765
C,734.4666111111111
D,655.471
E,90.73375000000001
F,2.205
G,1115.8144444444445
H,128.201
I,9748.1685
J,99.77600000000001
K,399.92100000000005
L,6847.9428
M,623.7891999999999
